{
  "minecraft:story/enchant_item": {
    "criteria": {
      "enchanted_item": "2019-10-13 13:56:59 +0200"
    },
    "done": true
  },
  "minecraft:recipes/food/cake": {
    "criteria": {
      "has_egg": "2019-10-13 13:55:00 +0200"
    },
    "done": true
  },
  "minecraft:adventure/adventuring_time": {
    "criteria": {
      "plains": "2019-10-13 13:54:16 +0200",
      "river": "2019-10-13 13:54:32 +0200"
    },
    "done": false
  },
  "minecraft:story/root": {
    "criteria": {
      "crafting_table": "2019-10-13 13:55:53 +0200"
    },
    "done": true
  }
}