{"stat.walkOneCm":9487,"stat.useItem.demomod.hexasword":11,"stat.useItem.minecraft.golden_sword":3,"stat.useItem.minecraft.iron_sword":2,"stat.drop.demomod.hexasword":1,"stat.useItem.minecraft.egg":1,"stat.mineBlock.minecraft.red_flower":1,"stat.mineBlock.minecraft.double_plant":1,"stat.drop.demomod.graykey":64,"stat.mobKills":8,"stat.useItem.minecraft.diamond_sword":2,"stat.drop.minecraft.spawn_egg":1,"stat.flyOneCm":9947,"stat.drop":4,"stat.jump":56,"stat.swimOneCm":1272,"stat.pickup.minecraft.egg":1,"stat.playOneMinute":3611,"stat.fallOneCm":894,"stat.useItem.minecraft.wooden_sword":4,"stat.pickup.minecraft.red_flower":1,"stat.useItem.minecraft.stone_sword":3,"stat.sneakTime":6,"stat.damageDealt":800,"stat.pickup.minecraft.porkchop":10,"stat.crouchOneCm":82,"stat.timeSinceDeath":3611,"stat.sprintOneCm":3487,"stat.useItem.minecraft.spawn_egg":14,"stat.killEntity.Pig":8,"stat.mineBlock.minecraft.tallgrass":7}