{"stat.flyOneCm":12297,"stat.craftItem.minecraft.mushroom_stew":32,"stat.pickup.minecraft.diamond_sword":1,"stat.walkOneCm":5194,"stat.drop":36,"stat.pickup.minecraft.wheat_seeds":6,"stat.jump":67,"stat.playOneMinute":2952,"stat.drop.minecraft.wheat_seeds":6,"stat.fallOneCm":3295,"stat.pickup.minecraft.mushroom_stew":3,"stat.leaveGame":2,"stat.sneakTime":27,"stat.drop.minecraft.diamond_sword":1,"stat.damageTaken":20,"stat.damageDealt":16,"stat.crouchOneCm":13,"stat.timeSinceDeath":2952,"stat.mineBlock.minecraft.double_plant":2,"stat.drop.minecraft.mushroom_stew":29,"stat.sprintOneCm":1985,"stat.mineBlock.minecraft.tallgrass":24,"stat.useItem.minecraft.diamond_sword":20}