{"stat.flyOneCm":13704,"stat.pickup.minecraft.bowl":32,"stat.pickup.minecraft.diamond_sword":1,"stat.walkOneCm":513,"stat.drop":3,"stat.pickup.minecraft.brown_mushroom":32,"stat.jump":10,"stat.swimOneCm":213,"stat.playOneMinute":991,"stat.fallOneCm":482,"stat.pickup.minecraft.mushroom_stew":6,"stat.sneakTime":72,"stat.damageTaken":20,"stat.drop.minecraft.diamond_sword":1,"stat.crouchOneCm":54,"stat.timeSinceDeath":991,"stat.drop.minecraft.mushroom_stew":2,"stat.sprintOneCm":899,"stat.pickup.minecraft.red_mushroom":32}