{"stat.flyOneCm":166821,"stat.walkOneCm":9639,"stat.drop":2,"stat.jump":42,"stat.playOneMinute":15610,"stat.drop.minecraft.stone":2,"stat.leaveGame":1,"stat.sneakTime":531,"stat.useItem.minecraft.log2":92,"stat.pickup.minecraft.stone":2,"stat.useItem.minecraft.stone_brick_stairs":27,"stat.crouchOneCm":202,"stat.timeSinceDeath":15610,"stat.sprintOneCm":5158,"stat.useItem.minecraft.dark_oak_stairs":35,"stat.useItem.minecraft.stone_slab2":54,"stat.useItem.minecraft.stonebrick":200,"stat.useItem.minecraft.wooden_slab":1}