{"stat.walkOneCm":795,"stat.itemEnchanted":1,"stat.pickup.minecraft.iron_sword":1,"stat.damageTaken":20,"stat.pickup.minecraft.stone_sword":1,"stat.pickup.minecraft.golden_sword":1,"stat.pickup.minecraft.wooden_sword":1,"stat.flyOneCm":8419,"stat.pickup.minecraft.diamond_sword":1,"stat.pickup.minecraft.wheat_seeds":2,"stat.drop":6,"stat.jump":33,"stat.playOneMinute":2416,"stat.fallOneCm":1716,"stat.drop.minecraft.wheat_seeds":1,"stat.drop.minecraft.stone_sword":1,"stat.drop.minecraft.diamond_sword":1,"stat.drop.minecraft.wooden_sword":1,"stat.pickup.minecraft.porkchop":10,"stat.timeSinceDeath":2416,"stat.craftItem.minecraft.dye":405,"stat.sprintOneCm":4034,"stat.drop.minecraft.golden_sword":1,"stat.useItem.minecraft.stone_slab2":1,"stat.drop.minecraft.iron_sword":1}